TransactionAmount,Country,BillingCountry,TransactionTime,Fraudulent
1842.689487490791,Germany,US,8.582697660937818,0
5945.477208937011,UK,US,21.68306028032387,0
4119.631968411768,India,India,28.3592112075491,1
1272.6003598326145,US,UK,27.5123033840944,0
288.16063669835984,India,Germany,17.502786454322734,0
6231.095500105404,Germany,US,13.878309097709352,0
8069.50806225337,India,India,24.549015283181454,0
8421.736458452373,Germany,UK,20.4997908788319,1
4832.307596038575,US,US,5.506923426507986,0
7776.780117152031,US,UK,24.627576408390006,1
6731.742863550562,UK,UK,12.866531681841305,0
7245.302729716341,UK,US,5.669569799135253,0
4931.064062165923,India,US,8.453920511894774,0
6337.78328501885,US,US,8.025810907450271,0
8057.203876624809,US,UK,15.576209238103804,0
3984.8629138146603,UK,UK,7.031102720336265,0
8061.7292196671615,Germany,India,3.7069946220472847,0
5924.248259462738,India,Germany,3.710725518412822,0
1667.3512334641546,India,UK,17.4982859141729,0
256.5947306736003,UK,Germany,22.042778665481357,0
3633.908467987529,US,US,9.645990265150225,0
5471.496319680435,UK,UK,1.0395212944205123,0
8399.805318512848,UK,India,3.816746608110322,1
1283.5819446010594,UK,India,27.440836810111712,0
8004.061413358955,UK,Germany,14.80630978768359,1
8631.460370211596,Germany,US,13.607184288455244,1
1515.3679951383294,Germany,Germany,1.1414753493027274,1
8517.427249849148,US,US,21.859110669506972,0
9914.621142749493,UK,India,15.842042427962367,1
7271.119922171893,Germany,Germany,6.062428082595623,0
7849.84912143163,US,India,3.302212805431716,0
9944.208522913146,UK,India,11.501635908959955,0
6058.757692754194,India,US,25.11485892585077,0
3085.7849563423315,Germany,Germany,25.958836776030736,1
8376.933032419796,US,Germany,18.085391411869093,0
6148.712917341196,India,India,21.82609281690428,1
5816.142282972356,UK,India,3.4546736220861107,0
2543.819199585242,UK,US,17.643781964035647,0
7565.779353133037,UK,UK,20.00897110461545,0
825.8560858423616,Germany,UK,6.021385287413766,0
9243.627837238666,US,India,26.404641987307766,0
3264.9763730971426,India,UK,5.849902125630592,0
1286.4687813720045,US,UK,9.404320795393513,0
4429.241665693164,Germany,UK,18.61670541070376,1
434.27439347276623,US,UK,19.150501953921925,0
6849.415680707013,Germany,India,20.981542229621017,1
9028.028049349108,UK,UK,3.3603513920461703,0
8374.257441313703,India,UK,25.483932897856658,0
1282.421039744332,UK,US,15.985413968497795,0
1271.4486597062412,US,India,14.13965382315205,0
8136.210478419398,UK,Germany,29.432928735405287,0
9243.300203285127,India,Germany,22.211348908230594,0
4612.091600036557,UK,US,3.540180798581246,1
4994.7214579685215,India,US,22.696175016787222,0
3189.4377934434015,India,India,2.8574680191860846,0
8943.708531381575,UK,Germany,0.8241168753895456,0
6452.580023870636,Germany,UK,12.108776858096913,0
2889.633255902011,US,US,29.807345184576562,1
2994.8408818319735,Germany,Germany,5.24651808584588,0
8913.088729905388,Germany,India,20.179330305803703,0
146.20389881915648,UK,UK,5.201881986183581,0
3234.0384615391176,US,India,21.743609248751582,0
5548.023245351526,US,US,15.160610047134783,0
1490.692446372253,Germany,Germany,20.39915130268129,0
930.0665544539021,UK,Germany,6.086195277427038,0
8154.610547594694,US,Germany,22.36884997561506,1
8945.099842598587,Germany,Germany,29.8685717886812,0
8237.828143773913,US,UK,19.969515018778793,1
8988.891018476103,UK,UK,14.80439994218633,0
5535.588590873132,UK,India,27.695219658577944,1
8124.4586286935155,UK,UK,0.475555266956289,0
3846.5859575270933,US,US,21.897705578574634,0
6666.015936175594,India,US,26.662395504414388,0
9888.466958577754,US,Germany,1.8502375086287237,0
2265.019961152883,India,US,13.501925112472746,0
3905.0984654478953,UK,India,6.1415836184999675,0
4805.673299327756,Germany,UK,16.995544967634903,0
1388.774715330317,India,UK,19.486288758109815,0
819.5757185459172,UK,UK,9.07869548786265,0
8298.931434553027,UK,US,13.799450090343026,0
9768.175784547586,India,UK,8.380184558296785,1
4053.20338765829,Germany,Germany,11.081734933653413,0
885.6218635845862,UK,Germany,4.786198700652707,0
667.459489298859,India,Germany,26.566783307568944,0
8914.268881539383,Germany,US,0.30031231677409287,0
4643.504354779522,Germany,UK,26.472275593313654,0
3207.0728924582954,UK,US,17.150366350492156,0
4769.8480996816015,US,UK,9.949735325310524,0
3189.85790597655,US,India,21.691713763809894,0
4895.467395323124,UK,India,15.232564555879929,0
8596.96840521019,Germany,US,14.973259743228196,1
5927.090696910336,UK,Germany,3.304268487568993,1
6949.591190373652,India,US,11.68548077836226,0
3653.0600555810224,US,Germany,7.231930375702099,0
7387.673726320082,India,UK,0.4708771678883894,1
6669.504677944929,UK,Germany,10.802988923463397,1
1204.424357543044,UK,Germany,2.6946638827681424,0
5730.70210262469,Germany,UK,7.704901131755556,1
2574.8675281344827,Germany,India,2.7754986354928333,0
8042.915739639592,Germany,UK,3.0282487666919655,1
4265.117707584725,India,US,5.970338832455648,0
9946.894810312906,Germany,US,29.995477334592007,0
934.0793750102482,UK,US,0.06552428571746316,0
7805.675148774184,Germany,US,19.160179083612157,0
6740.280318086143,US,US,4.23731094079672,0
7677.313317601147,Germany,India,27.618844101323276,1
3082.222656949659,India,India,2.808986800008877,0
4925.624348930182,US,Germany,28.651895613787094,0
7967.120112039847,US,US,18.32779162450434,0
2333.0879028923414,US,UK,0.03804230746470738,0
2268.0716359186345,India,US,26.82021593750418,0
5514.999023416374,UK,India,15.651354041007549,1
5240.40015950326,Germany,US,7.880092059914537,0
2829.8020794251993,US,India,23.018375325468902,0
2987.7757487429794,US,Germany,27.7999666166061,0
2785.673180433589,US,Germany,14.510724694403818,0
7717.4054993648915,UK,Germany,9.466604233293326,0
6522.489646968982,UK,India,23.668353718047804,0
8325.847662268425,India,US,20.453564933653638,0
9754.975552857079,UK,US,26.662574512508172,0
4746.901319757144,Germany,UK,20.77542038283579,0
676.271875240434,India,India,7.3058501669860885,1
490.442181016234,India,UK,27.949777492770572,0
2963.6937423234754,Germany,Germany,3.1450724161797394,0
9326.120447630985,Germany,US,8.038282503205437,1
5236.89841915904,Germany,India,15.605838231716568,1
2725.1472956404905,India,UK,16.97226078212704,0
3997.676277165085,India,UK,0.45931759880716294,1
5989.965122972661,India,UK,23.417181774628197,0
6532.967084797044,Germany,US,10.848219552761686,0
1547.6559027312212,Germany,US,12.192556230064135,0
9770.546448686307,US,US,24.281086333108373,0
5452.2745475580605,UK,India,11.378501751826336,0
1365.5262947448703,US,US,1.4167462948426446,1
8937.416180927876,Germany,India,5.293193114110509,0
755.6379264834937,India,UK,28.67709517164547,0
9078.276977443353,Germany,UK,2.1121608720754246,0
9965.690906326934,UK,Germany,10.647936029040487,1
7007.313673573474,US,US,15.095375011540337,0
7706.767738529158,US,UK,14.798424820156802,1
3379.655336310189,India,US,0.11879829036428258,0
9416.352758811998,US,India,15.034881943724711,1
5301.842521422593,US,UK,11.513173739322276,0
7326.560581509573,Germany,US,29.162380064236714,1
9241.836081953683,US,UK,4.774772519814895,1
9752.047959995329,US,UK,10.62462590278485,0
8333.711522400778,US,US,12.584444552694592,0
3037.1448947504796,India,UK,11.720806113028463,0
9665.809690355303,India,UK,19.974924829555874,0
6284.914117123282,Germany,UK,6.465385726433065,0
9307.11833875608,US,UK,6.632146584419755,1
6764.289207885375,India,India,21.876328455025593,0
3079.3172288587275,India,UK,15.00871556034539,0
3706.544996186731,Germany,Germany,12.454670281719313,0
5509.213053258375,UK,UK,5.076091550317554,1
7902.248267183221,US,US,5.625816687364998,0
3186.6456878899457,India,Germany,0.31654910447701634,0
5801.514349680579,Germany,India,2.7427880658512773,1
3462.7936858282515,Germany,Germany,16.705160840707233,0
8159.536352304721,Germany,Germany,26.756193900252295,0
4672.613656741825,India,Germany,8.614942953916723,0
776.4610402603234,US,US,9.832416776883845,0
1668.8646896005484,UK,US,3.468168318345366,0
620.4356295201266,US,US,11.658928368213083,0
4998.036430683109,Germany,India,1.1166511370798748,1
1072.3096005087893,Germany,US,27.528020887857007,0
1150.2582934032248,UK,US,20.19334044373586,0
9411.072117783388,US,Germany,29.722464281796565,0
8727.824171038794,Germany,US,26.484694880354812,0
4526.345102145546,Germany,UK,14.189717810944579,0
9858.195155293555,US,US,15.590550934511306,0
11.863416424924507,Germany,India,5.7172813955158155,0
6143.654768171204,US,India,13.861180285186668,1
6168.117491944982,Germany,UK,27.09083620478435,0
4579.8561281401835,US,India,1.5256027090746338,1
3975.5102496135855,UK,India,25.90670408994929,1
4559.27752345127,Germany,Germany,10.228434049278292,0
4155.454756436008,UK,UK,26.985382952889296,0
7307.6198500481705,Germany,Germany,28.22639719024454,0
1362.2007953831078,Germany,Germany,20.125946610057177,0
1984.4158137053903,India,US,19.932713597780335,0
1813.3771016403118,US,UK,13.582630131262203,0
2632.081145361433,UK,US,25.066206736311223,1
5257.331603628018,UK,US,28.848382752998496,1
1120.975385908805,UK,Germany,23.252454010173576,0
8683.011260311776,US,India,18.658102012701278,0
2980.6416977716385,India,UK,18.2037868746401,0
1633.7544948123914,UK,India,25.48409704750987,0
6759.45688288645,US,Germany,16.23611297313895,0
390.4821429871996,Germany,Germany,24.11579658746468,1
6203.4859630929,UK,Germany,15.266557655227373,1
6985.002322458233,UK,Germany,1.873328249217724,0
2157.0161485533245,India,Germany,11.518410267124658,0
429.2210937019065,UK,Germany,13.333228730144961,0
3642.8171356053017,UK,India,4.248517349598516,0
994.9563601169453,Germany,US,3.0748898756763845,0
1173.6137182366374,US,India,16.063948489708622,0
2550.069702134197,US,UK,2.5543090966824646,0
2961.7245670213256,India,India,9.088355036702518,0
5304.403706803992,Germany,Germany,22.33790927889228,0
6787.134936175101,US,India,28.932965387039424,0
5931.781699293146,Germany,US,21.536117416557857,1
1492.119769522273,US,UK,29.778766453586105,0
1729.139464201738,Germany,India,20.95013913838208,0
8788.904805431215,India,US,8.813834119629826,0
5587.939627490496,UK,India,20.161576215160856,0
8700.678950647913,India,UK,21.064702955907116,1
3721.749648085545,US,India,11.151809538493819,0
6147.856074238925,India,Germany,0.5314155182816704,0
5241.397526385562,UK,India,21.09599354326461,0
3198.043663306421,India,US,0.6510028582662486,1
4704.454566615617,US,India,18.935642341802136,0
5029.883859501051,US,US,4.908494662276652,0
2015.7020378192192,India,UK,16.9681058324413,1
3156.953620043548,UK,India,15.117390761418001,0
7916.183407564687,India,UK,0.40540926918547715,0
9158.72451214673,UK,UK,10.885974509853103,0
3604.3429945175417,Germany,India,18.03273502188908,0
3076.6530992680914,UK,US,25.458196556963394,0
1960.0196740731064,Germany,UK,26.659263415095516,0
6788.126774819307,India,UK,14.5154991009967,0
3237.7660196467095,UK,India,21.852674618983144,0
9877.617895600893,Germany,India,9.49363729600373,1
3263.591172618893,Germany,India,10.265592172759723,0
3947.419107358455,Germany,India,5.833905575469412,0
6037.308620158227,US,India,16.85844329979718,0
8018.826088981136,India,Germany,9.436924527820956,1
4700.4914668028805,Germany,India,2.531126893155151,0
4232.333777551694,UK,US,20.55018259989536,0
9956.421957612134,Germany,UK,21.232596228161945,1
114.83147498804499,US,US,10.799772563371736,0
8951.702235623945,India,US,2.301701983680684,0
1499.916851137977,US,Germany,12.788931522102779,0
7861.393509327045,US,India,13.270063741506464,0
6183.136282864517,US,UK,20.06012654693679,0
3425.05438212594,UK,US,9.462491737760505,0
8740.010805654973,India,India,20.477978393439162,0
138.94320753010985,India,India,26.14465625272165,1
2274.6396142284875,UK,Germany,7.1245812708659955,0
5673.259034532865,India,Germany,29.367586683596993,0
3521.907177896483,US,Germany,11.591044114104209,0
6107.671178230093,India,UK,8.017760554411852,1
250.86083215258157,UK,US,12.645335475308716,1
1173.424715512308,US,Germany,2.8319242771157747,0
1279.691439782208,UK,Germany,3.77117719536347,0
1900.9436227009342,Germany,Germany,12.433021409049942,0
4598.721093597423,US,US,22.873335658173,0
7523.765708440276,US,US,27.009367187234727,0
9056.332990909723,India,Germany,19.944539721488127,1
8355.371577539618,US,Germany,3.156586657145092,0
1976.9098390390789,UK,India,20.160592865416053,0
4417.094016784017,India,Germany,19.06283762108916,0
2002.1218616077647,Germany,UK,24.172917548799937,0
2652.073448505236,UK,UK,24.757459999565427,0
5040.434345303743,Germany,Germany,26.046092273369368,0
690.4091569879902,Germany,US,12.42394543737295,0
2189.561552636799,Germany,India,20.935931860564327,0
9354.4278314581,US,US,8.047510767669323,0
4666.501763658305,UK,Germany,29.980088399505128,0
4459.411394518944,UK,UK,5.260027241305798,0
155.5258759652762,US,India,0.3034329498250743,1
2481.5234731128744,India,US,4.46426143554528,0
8664.261435461991,Germany,US,23.2761686863238,0
1654.6379983041008,UK,Germany,13.403510295246345,1
4157.098145951863,US,India,13.42500743431285,0
153.16574961134253,Germany,UK,28.650687588350056,0
4788.571461888853,India,Germany,27.589047240842227,0
220.00085619490937,India,India,9.335842134120275,0
8197.89943512734,Germany,US,6.271743863425985,1
8250.289137196165,India,Germany,25.45446629801219,1
7879.544461140675,UK,US,27.180572131330894,0
2840.807048222271,UK,US,16.247907683954608,0
8373.999810035963,UK,Germany,18.882711333513015,1
5434.55134472664,India,Germany,7.7074285407688015,0
3744.3430075813544,UK,Germany,24.024080639355738,0
6257.046297445288,US,Germany,18.963672853470694,0
133.2870501431363,UK,Germany,15.105405338939898,0
1438.179167231514,UK,US,1.8032566823518748,1
7425.512446320925,India,UK,27.47804887533461,0
2449.1744710743683,UK,UK,18.46354261153218,0
5984.111082114208,Germany,Germany,5.780732840789039,0
3857.1750022020665,US,US,18.191583509491583,0
8549.509730204622,India,UK,20.3239006271992,1
9524.62890690647,US,UK,15.773110100496764,1
8836.811636418202,Germany,UK,21.543052138680675,1
2713.4937469890306,India,US,17.443618437858728,0
1949.6870617703619,India,Germany,28.433087460964448,0
4749.604587271143,UK,Germany,1.610912357979205,0
83.26816685344095,US,Germany,3.187371254086815,0
267.8358347031855,Germany,India,5.210149108630196,0
5537.373489833771,Germany,India,20.705132118129963,0
5209.289547611207,India,India,19.36787618249426,0
9945.874070462247,UK,US,26.76176580629082,0
2026.3999352839435,India,UK,21.986323586516953,0
2588.4582523130794,India,UK,15.250664626937768,0
1144.271016839604,India,US,29.75495377390891,0
9176.25466644091,India,US,7.983238685078975,1
7780.3343321399225,Germany,Germany,24.99574979356362,0
8225.167723453906,Germany,Germany,12.80371116581758,0
9028.610241765442,India,India,19.462054166272026,1
5253.750867391124,India,India,21.81805411357302,0
4517.41998259273,UK,US,19.01262261571009,0
3310.610821919509,India,India,4.215219093257798,0
5896.253997335077,Germany,UK,13.288530322437982,0
4548.241183930327,US,US,16.84315133799373,0
4521.140210189696,Germany,US,25.4713127753579,0
9369.909358674078,UK,UK,13.30937246395717,1
9840.47482764851,Germany,Germany,27.562419144127546,0
7966.879049402512,US,Germany,13.21122669075632,1
7570.013321566814,India,UK,16.463395777890348,0
6808.7760361732235,US,UK,23.88857048828403,1
1669.087774811802,India,India,17.49203053266431,0
600.4671505477887,India,US,28.80654217148474,0
6910.355887981498,Germany,India,19.810074915423826,0
7290.574360343194,Germany,UK,15.681283622028031,0
479.26018107041654,Germany,India,0.7077590334238759,0
9281.236984786192,UK,UK,12.411986927409895,0
920.4949880523286,Germany,India,8.977452577804813,1
2866.146332374312,UK,India,22.443170036624675,1
6727.174229859058,Germany,Germany,6.2483302546063735,0
1707.0272181007185,India,UK,6.156602618822155,0
563.6047255380219,UK,India,5.685571297121303,0
3318.1534267498564,US,US,3.768468394687078,0
7662.056032803239,UK,India,9.330210110126622,0
4142.650003062751,UK,India,26.577663433302753,0
6533.199489860313,US,US,23.247854169178648,0
5800.394781309085,UK,UK,22.057536489203805,0
231.9626354355483,India,Germany,23.92010416949888,0
9885.51447058661,Germany,Germany,8.08253667988715,0
423.86660730568366,US,Germany,26.623250722574635,0
9678.349349108365,Germany,US,4.1191012542481324,1
5503.143141860338,India,India,10.090371801467459,0
9631.958680380014,US,UK,17.602443569020288,1
1156.3884581442162,Germany,India,3.087152650260019,0
4909.181106663277,Germany,Germany,21.903905633292748,0
1703.3458777419257,India,India,11.617381446104249,0
519.2390214541997,Germany,US,23.532169968252003,1
6179.115859472493,India,US,14.786888567538082,0
2085.7563754072976,UK,UK,5.426235732760091,0
5881.093212692584,India,UK,22.04285434066033,1
1132.5211746703665,UK,Germany,7.564318675168307,0
3326.5448496127005,US,UK,14.724309038041284,0
7818.5092549519395,Germany,India,2.2659980747072286,0
4376.144703203455,India,US,18.5359996323611,0
6281.17669482439,India,US,19.975732986488318,0
6478.1048280480045,Germany,US,11.360226299183507,0
8439.112889433063,Germany,UK,28.632683409632214,1
3255.9787161223467,US,US,26.22506764446205,1
6876.08267019935,US,US,21.238227472199842,0
9616.541912391194,India,US,21.40956223481228,0
7305.1309102351015,US,Germany,7.572051448264538,0
4903.806062410268,UK,Germany,19.704456932653468,0
6310.867270474373,US,UK,5.94618795706559,0
7399.43214865345,US,US,4.320096717594664,0
6126.634899281786,India,UK,29.984036826077407,0
176.59137676349314,UK,US,18.671277944195225,0
1955.7872418953862,US,US,12.929636179715715,0
8106.5774899825055,UK,US,8.64493568651854,0
2733.7799666517217,UK,UK,18.117613309866822,0
7318.305574415728,UK,UK,1.4878052466025837,0
3727.48095026457,Germany,US,2.840429715143852,0
5223.624438297852,Germany,India,0.9857009322118904,0
689.053265195843,Germany,UK,14.975094997879852,0
1820.4433548865984,Germany,Germany,18.018198875615475,1
9572.397665557153,India,UK,1.8743928407346255,1
8902.479153934672,US,US,21.636734024967495,0
6526.228357881511,Germany,India,6.9118521454369315,0
4601.849527883516,India,US,20.556043613095984,0
6760.855316023286,US,Germany,29.45691420105737,0
6189.916788048451,Germany,UK,20.733176101615534,0
5689.837033490075,US,UK,26.495791587708254,0
601.1789479167828,Germany,US,28.445955202292023,1
6331.698080508454,India,US,14.602531450569465,0
7691.511245265972,UK,Germany,21.069749382591205,0
9940.8757299093,UK,India,25.559077606675253,0
120.67474041715367,US,Germany,10.698267386231583,0
7304.432798573659,India,India,7.841919496811847,0
5722.175266200445,UK,UK,28.39795718335016,0
4346.181239048758,Germany,India,21.78910501106454,0
1284.4260439679952,UK,India,6.590464001274789,0
4096.760634862414,US,UK,13.472501780283402,0
3550.2280580314914,US,UK,23.893553086134283,1
3035.2705908976345,India,UK,16.411889727553262,0
7311.487436988855,US,Germany,19.498562944976673,0
7010.247957629796,UK,UK,22.61304606135157,0
5894.3107088993065,UK,US,18.660275664269417,1
9387.261484800789,UK,UK,16.202379657665873,0
3505.045297966736,UK,UK,22.488428531633204,1
2445.5813577246936,India,UK,21.82689106296602,1
6562.474097853012,Germany,India,18.896172005495366,1
1996.1524687646554,Germany,Germany,10.793682401457888,0
3156.954966762412,India,UK,12.174362766008148,1
2253.7783763480993,US,Germany,29.113156466522923,0
700.8441415078273,Germany,US,3.3715779687457745,0
8276.712428940376,US,US,8.055147517585059,0
2552.860023787395,Germany,UK,14.77205277613007,0
4735.544758396777,US,US,25.101890584313576,0
442.71957981057636,India,Germany,4.910269911891836,0
6996.401267863905,UK,India,8.308638543738295,0
3312.3044130398453,US,UK,1.9739465338571693,0
7449.919911013808,UK,US,21.179557981524553,0
4129.9065740739825,US,Germany,7.146283064268484,0
1965.59850799219,US,Germany,11.660242520128515,0
5136.619071997538,US,US,13.311043410890036,0
1313.7405507780236,US,Germany,26.73941806819367,0
4410.986207131217,US,Germany,12.339908709937104,0
3179.8817194306607,UK,UK,4.356750597457472,0
9120.476246154336,US,Germany,15.72944815020363,0
618.6779299899923,UK,US,28.88873983945889,0
6943.233966916363,India,UK,18.23056923152433,0
1835.6841482144846,Germany,US,29.501616613817177,0
3197.260292579076,US,India,25.233219268166103,0
4160.985489990039,Germany,US,1.078972686402384,0
9081.070742855993,UK,US,19.751987861311257,1
2433.356878077513,India,UK,8.60300632673651,0
922.1749374212555,India,Germany,16.788505669341717,0
3193.7091438653306,India,US,8.380355727936797,0
1055.712945649978,Germany,UK,10.466112498158711,0
1294.6788947459195,UK,India,27.69506135262538,0
5742.7674737705165,US,UK,6.199295546751159,1
618.4103116639383,US,UK,26.223273540774915,0
318.99950512172467,UK,Germany,0.9137342421149042,0
7146.996873690273,Germany,US,2.7262961510894512,0
3622.8544774620345,US,India,25.640251241527906,0
1262.4997388463942,UK,UK,18.91668092727586,0
2543.591580888485,US,US,22.417084141186507,0
6424.444208450466,India,US,6.2825301246556275,0
2762.6103057371033,US,UK,16.112503667703105,0
4950.266039952875,Germany,US,22.116576707139142,0
1225.736114199456,UK,UK,18.819424110307875,0
5885.0554396784155,Germany,UK,14.150963006736285,0
3167.616061594208,UK,UK,28.793513593131443,0
6273.4146609418785,India,India,20.284720003603358,0
8085.864874217189,UK,UK,27.232524007237135,0
6120.347729706024,US,Germany,21.893115347210436,0
2964.5181503242566,US,US,22.063905857930493,0
2564.879578467521,India,India,2.4005480927303804,0
3280.9353777471456,UK,US,10.783938655618307,0
1654.5589272326833,India,India,25.751082201589753,0
1819.9067899917006,US,Germany,6.978115864462678,0
7909.004107982677,Germany,India,3.4651759846939854,0
3853.478439309375,India,India,9.783181699163803,0
4365.591853900152,Germany,India,6.613136546778419,0
5944.554161012444,Germany,US,27.758645843794653,0
5900.638416563961,UK,UK,26.038999260063935,1
683.094946504038,India,US,14.990496908487126,0
8317.092455513279,Germany,UK,1.8403162345160406,0
1781.4922667071548,Germany,US,21.436870382794687,0
7233.485644136192,UK,Germany,18.702351940087937,1
7728.983171400384,UK,Germany,29.116640121854875,0
7151.846345572224,US,India,16.76859720811131,0
5793.98668907591,Germany,Germany,10.091811702087282,0
155.94388111773978,US,India,15.570650807356673,0
3610.151168708075,Germany,UK,29.37789874213549,0
6052.345899332186,US,Germany,20.890872975990916,0
3880.6384462661613,UK,UK,20.159284137811532,0
8636.164150179002,India,US,7.220447691776561,0
3094.9347307426574,UK,UK,22.30807552681853,0
2942.4125766620177,US,US,22.508154884153154,0
2667.316953995653,US,UK,9.518669513277159,0
3334.480880918347,India,UK,14.511414971721395,0
5578.47559349873,Germany,Germany,8.838099988213681,0
7073.082789783182,US,UK,7.7611521097286005,0
6629.053498210463,US,Germany,0.7768821074845544,1
8079.101021614982,US,Germany,8.556352339599963,0
8860.280815019274,India,India,16.619098496348247,0
8162.6296330100795,UK,India,0.04803562647086479,1
199.2645797098022,US,US,8.496572514290023,0
7361.820355984368,India,UK,26.4423099696975,0
2091.9117404471326,US,US,17.809457553220824,1
1337.9511466527465,Germany,UK,18.235884722429414,0
6388.502960143363,India,India,12.100929150790597,0
3204.234522122872,US,India,20.29416430477233,0
580.6004620707281,India,UK,5.697982986910775,0
1384.9210466396298,US,UK,24.56240431152575,0
19.284874530911026,UK,India,3.500673598076994,0
9033.204037173626,US,India,19.68004063959328,1
255.9336585739735,India,US,10.234479774590492,0
2102.4631374000155,Germany,India,22.425389117474303,1
4168.465179072195,Germany,UK,16.4929365379806,0
3572.147546248683,Germany,US,13.570591154361487,0
9118.14151035863,US,UK,5.08267206279741,0
412.48656788807574,UK,Germany,19.104643928530585,0
5127.024929693745,US,US,29.243095302612392,0
6807.989830618496,Germany,UK,24.76810274721045,1
9317.662757074877,India,India,1.800245777670354,0
6207.508808715973,Germany,Germany,11.286881350835733,0
8039.5148077575095,India,UK,27.767490275708155,0
846.4121290750305,UK,US,15.091312426710642,0
3865.535714259904,India,UK,19.863354774245376,0
3745.731873445884,US,Germany,27.377980367741714,0
8864.019282392619,US,US,26.21384071259642,0
1522.1980009201166,US,Germany,15.054611266215328,0
1527.3428616429364,India,UK,13.129389079728062,0
3292.2959173591266,US,India,10.190778554387613,0
554.1158131947074,US,India,21.570583294886735,0
1832.7558261183756,US,UK,8.609603984146299,0
9652.444289071895,UK,UK,7.4966281929270036,0
4287.5575592730565,India,UK,10.687496838113402,0
6323.87189214014,India,US,5.316451706363761,0
7263.851480852923,Germany,Germany,20.85359447837302,1
3675.944456001933,India,Germany,18.48721947991837,0
1480.7984733610645,UK,Germany,14.486356023475308,0
2073.7443520555903,India,UK,11.70977337784664,0
3139.532101040297,UK,Germany,27.271876286901946,0
6364.323519318735,UK,UK,0.8737135496731585,0
3988.8226853996534,India,US,23.073232305218976,0
78.07883202227991,Germany,India,27.057287152466664,0
5238.837778824044,US,UK,13.39063738289778,1
9215.918785155105,US,UK,16.520714744119402,1
8122.655333976703,India,India,28.333910636461137,0
8253.861598883714,India,India,6.368325458565432,0
7952.629595885251,UK,US,15.604045433540547,0
3244.070947848132,India,Germany,14.241633813846388,0
7654.286399206376,UK,UK,7.751779436111103,0
1440.181964533818,Germany,Germany,24.55779691119324,0
6580.584311286776,India,UK,26.988017842897076,0
6419.269981183094,US,US,23.457977393646267,0
265.4422929064493,US,India,5.860768825458251,0
7881.821634573406,India,US,2.602459065041447,1
9033.448569900354,UK,India,18.16333455916027,0
2681.4786319363557,US,Germany,1.712842815296518,0
8125.783334619648,UK,Germany,20.184776656742528,0
833.2356589008625,India,US,15.91272660981728,1
6003.678904028049,India,India,19.883571982309906,0
4861.612184689428,US,US,17.70512320949232,1
5463.7760977569105,India,India,12.681077085815183,0
9262.789966824608,Germany,India,6.026315404206848,0
8714.439319996067,Germany,Germany,9.171064074314657,0
7852.985735825173,US,Germany,15.735017226569294,0
2744.247592206926,Germany,India,19.556042809428178,1
9119.068100574055,UK,India,23.384490506535855,0
984.1018477141138,US,India,23.015121553471825,0
8534.75887342229,US,Germany,29.180662297832562,0
3288.3191228125415,UK,Germany,8.575243459902284,0
547.185393503214,Germany,UK,2.1333212464031037,0
6696.876272565076,Germany,India,10.369708066255779,0
2320.486483876395,Germany,UK,22.2988342567223,0
2443.2755473876728,US,India,13.143349530998856,0
3067.411190625427,US,Germany,24.53365291768258,1
646.210827350142,Germany,UK,16.479790955580448,0
1779.5001705405577,India,UK,27.89375167891509,0
61.34487957974742,Germany,US,28.435903259972065,0
4459.64111584681,UK,India,2.0791351805624614,0
851.7112204055331,US,Germany,13.69240319137273,0
6829.699524391548,UK,US,18.29067183748704,1
2363.8722834045675,UK,US,7.676176224366383,0
9436.30569891142,US,India,12.212303381369408,0
8713.80375771254,India,US,20.33044623353095,0
2901.5145407324003,Germany,India,6.802026806950843,0
7834.322392020221,UK,US,18.059440589233574,1
8034.416597601415,US,India,20.923434844929183,1
9865.76551000296,UK,Germany,2.7148893328760026,1
5982.421468588393,Germany,India,14.925879480823582,0
828.8376890901853,India,India,7.892400897725723,0
6471.903916974546,India,UK,21.731590679941338,1
6253.547686276592,India,Germany,5.686665256108214,0
6387.122268430114,US,Germany,26.76713746614319,0
3078.385024561073,US,Germany,12.928240095549807,0
8598.199054952525,India,US,5.940090909226605,1
9595.127107724566,Germany,UK,13.14065389050988,0
2184.9480046517338,Germany,Germany,12.262312884255836,0
890.640059785078,US,US,12.867568784811308,0
1953.404981353156,India,US,17.566838804923407,0
8207.31587116463,Germany,US,15.635211747406126,1
6769.679901850276,Germany,UK,4.49331395042708,1
6364.1129499678755,Germany,US,1.9673721793990895,0
4023.913419743151,US,UK,21.882463461796217,0
5782.501435399243,India,India,16.791523077849405,0
3085.6625114909307,UK,US,10.770023042377911,0
4777.228793385433,India,Germany,24.250734674942215,0
7932.699653422853,India,US,11.64175422782871,1
9812.603558580067,US,India,23.878952688018227,1
9325.56434666212,Germany,India,9.17268382537124,0
9339.320769034026,Germany,US,2.1853589263559927,1
4028.2151111226526,US,India,27.97919081399787,0
4693.2109062628415,US,UK,11.836533878441195,0
7059.297609726125,US,UK,23.780777185481337,0
9222.697361232329,US,US,8.374323996669133,0
1428.5226509273257,US,UK,19.39095336370968,0
3049.3762196336857,UK,UK,26.19932619773185,0
1401.0759774951541,India,Germany,1.2493206701994097,0
6123.965214294959,India,US,24.919072940582677,0
3069.9469589065,India,India,17.13999014915786,0
3267.817446600609,Germany,US,18.224152617257076,0
718.4504352849126,UK,UK,15.69474002417948,0
3504.4626574578433,India,Germany,26.23425309850927,0
8626.340108941838,Germany,US,1.3030007170691238,1
2338.397390789441,UK,US,7.830851746075443,0
6954.922787438556,UK,UK,26.27287616577466,0
6299.987165936541,Germany,UK,22.57037107595868,0
8636.211237607462,UK,US,0.5293548053581754,1
1331.556597033872,Germany,UK,15.51018849629126,0
9776.12370384698,India,UK,15.887180421380245,0
5830.460173943252,Germany,UK,12.026464053837312,1
9954.786781944675,UK,UK,8.92179996185969,0
9116.032111399849,India,UK,20.451745512370263,0
2222.957548409927,India,Germany,6.233713941142614,0
571.0584789340979,US,UK,23.968456862151182,0
2563.834547015662,US,India,24.091114823024153,0
5280.360853504205,UK,US,12.457843127184615,1
1724.247706981248,Germany,Germany,8.506440327289429,0
1682.922847734705,Germany,Germany,8.516345447721395,0
4631.30953558048,UK,UK,14.468739719886303,0
342.34703198189067,India,US,21.587376742480764,0
1227.661944497382,UK,India,10.766060729815763,0
4164.454780685396,UK,UK,18.301300363732544,0
640.6677929875849,India,US,11.47453381747783,0
3973.583013990738,Germany,UK,9.1356956745415,0
4745.322596824966,UK,UK,0.7457854774738248,1
4518.153474590413,Germany,UK,0.11742317206171915,1
8693.056825456842,UK,UK,6.816230334960133,0
5305.323925966807,India,UK,12.192188604029862,0
4685.124820155654,India,UK,25.537835020861806,0
4112.9853614627455,US,UK,23.95452728791276,0
8178.057549261817,India,India,8.014957877639697,1
8951.615473958333,US,Germany,7.33621328952898,0
8533.892267279205,UK,India,6.819662132100824,1
6738.730315532594,Germany,UK,10.17712021586601,1
1382.2438422270557,India,UK,14.945961586850562,0
2775.9309952252024,India,India,13.160033160947265,0
470.1700061829546,India,India,6.548195963444813,0
9308.93250915124,UK,Germany,3.913542298308541,0
6611.377311612195,US,India,0.3773343745858615,1
7466.165214289283,UK,Germany,4.618897159995115,1
3122.601678426467,Germany,UK,21.160691105823545,0
8458.078687550651,UK,US,7.309157080367488,1
2603.4368042477004,Germany,US,14.058054303645294,0
26.421133553372343,India,US,17.73903446769734,1
3770.3854755817324,Germany,US,26.60522708494821,0
5711.9071947811435,Germany,UK,26.665652951802585,1
4792.26153107557,US,US,22.37201201044077,0
8622.140664340204,Germany,India,1.0547097614550427,1
1062.9988067021077,Germany,India,17.252112572562446,0
5542.696171930918,UK,US,23.597504124945196,1
5134.663704710865,India,India,0.5186413429008963,0
2821.1158918999085,UK,Germany,16.490538409697347,0
8224.058844644336,UK,UK,25.732924373580882,0
7530.958072263241,India,US,14.223062275268008,0
7331.263281444992,India,US,0.12318608692345356,1
8763.162857912865,Germany,UK,0.3304007500682238,0
7230.618160208996,Germany,India,12.499081122412516,1
2326.0945042301173,US,UK,4.650260022502637,0
7058.571489380414,UK,UK,19.933519712797786,0
3083.95110576454,India,India,21.263977947184618,0
2429.3247569712307,Germany,UK,5.3363938638188575,0
739.305893067277,India,India,26.655998655734546,0
7442.8455176732905,Germany,India,13.257235349367777,0
7112.899609878614,US,UK,4.285377227757712,1
2352.6497819641963,US,Germany,22.927547942081866,0
7496.296377074318,India,India,23.699235000503187,0
9179.230422104594,US,UK,19.178864179963725,0
1089.2092853408767,India,India,25.603966596076592,0
2334.040017483882,Germany,Germany,22.12118916092014,0
7505.105332932282,UK,Germany,26.466172116809716,0
2752.321668335712,US,US,13.016641454564384,1
6250.39310309433,Germany,India,22.427913842983273,1
820.830602392508,UK,India,29.992546902871332,0
4527.502766244352,UK,UK,21.747935925588575,0
7393.523305709601,UK,India,3.425513407113965,0
6868.2742910020925,Germany,US,15.54956167287549,0
8152.57028575131,Germany,Germany,17.62043373729084,0
8775.746744765656,India,Germany,5.226320252141729,0
7734.103177574994,UK,US,28.88674902534113,0
6719.161551959871,UK,India,5.267393329038489,0
326.9076932421512,UK,India,5.326737591396683,0
5354.317067360346,India,US,27.45501413923665,0
386.6002718993794,UK,UK,13.956162993650132,0
8082.597492989065,Germany,Germany,1.895648378235486,1
3214.0379993549764,UK,US,17.945624998155857,1
5628.66944743803,US,US,18.054790458991434,0
2801.658620115837,Germany,India,1.935022760596854,0
7827.176442359133,India,Germany,29.17567486900986,0
8866.160241152606,UK,India,16.32089895883727,0
3992.438517188509,US,US,16.793871665392928,0
8630.59471117478,India,UK,15.603462435071835,0
2678.0793244887604,India,Germany,18.3219533893386,0
5351.262621524483,Germany,US,7.928992583212649,0
8589.026684088652,India,US,8.617240439245224,1
3265.5546127317457,India,UK,15.340172693883982,0
9540.882228130076,India,US,24.20057564290739,0
1227.5762227960224,India,US,1.4959372948253657,1
192.56794653782725,UK,Germany,18.10212636660738,0
9042.312172256125,UK,Germany,24.20334427518942,1
695.8001748172437,UK,Germany,4.707518161116814,0
9918.973067515442,UK,India,0.45067625941698886,0
9514.45465117127,US,UK,9.381398854243741,0
1378.8388912628434,UK,Germany,17.644311201887945,0
5380.470410668732,India,India,4.148495202142431,0
1857.353771696772,UK,India,12.783671129174564,0
4287.270178570897,UK,UK,16.56964492122834,0
623.6370413057284,Germany,UK,17.966492842719514,0
2247.0066320879296,India,US,8.232351630011255,0
3639.095236025006,UK,India,12.000889079588742,0
4392.088527458088,UK,Germany,23.35017687202676,0
9775.187619506843,UK,UK,28.236440823620566,0
8080.577800382973,US,India,25.856409933547717,0
7376.725343676342,UK,Germany,16.928505052002958,0
5375.042734272322,Germany,India,12.308784088318397,1
8401.57762843739,India,UK,9.988698431142547,1
3399.8351282005538,India,US,3.748696982520542,0
7091.902136605428,UK,India,3.1965374164833893,0
9937.90191402794,UK,Germany,20.65072874740973,0
3153.142800262636,UK,UK,7.7938324851348115,0
6743.435173490833,India,US,7.639850592973404,1
8444.7054928823,India,Germany,29.94585163433357,0
9158.917757673216,US,Germany,5.637778736213862,0
7182.147582491617,Germany,Germany,4.44179278466489,0
2843.2431549371913,US,India,2.9605568327976184,0
3269.558694173775,Germany,UK,17.394160355003883,0
217.37274091840246,US,Germany,18.835914780063042,0
7611.250916938382,India,India,10.956837787706458,0
436.9686645588942,US,UK,16.062400065344033,0
8647.877022481429,Germany,UK,23.651985928347376,1
1195.4195386006425,UK,India,24.543125049652453,0
1727.0463562378834,Germany,India,28.73736227146945,0
4770.4994436140505,UK,Germany,24.728039577686236,0
7381.425347535736,India,UK,16.9452431015228,0
1398.6320299387862,Germany,US,5.389708975105379,0
4406.3100399143195,US,India,2.992906731085272,0
4833.684231356947,Germany,UK,1.635356697325776,0
2130.7335602692274,UK,UK,19.99577495356151,0
1164.428183039511,India,Germany,24.226087661939793,0
8365.845020626539,US,US,15.260518520522371,0
5029.631841130028,Germany,Germany,1.6414252450091982,0
153.6685474816882,UK,US,16.064117237740145,0
8031.783200077947,US,US,28.07247784573651,0
9808.130116091703,India,India,17.928395727973815,1
6063.202692188331,US,UK,24.282824653884447,0
5042.046786969867,India,UK,24.00457945175252,0
8785.374471819167,US,UK,27.963872993419585,0
9525.64272894914,Germany,US,23.1068629694962,0
7547.823789865581,UK,UK,22.431015420392686,0
4460.074768045536,Germany,India,7.023079949119218,0
5926.29177932109,Germany,US,1.7977546596324434,0
7012.344296529813,India,US,15.527983951614232,1
1950.7929743079962,India,US,3.7330262384026556,0
4477.538311842216,India,US,28.865876288339738,0
8299.914434525677,Germany,India,8.697742878990857,0
6550.7062314994455,US,UK,25.588326101528793,1
4117.9286314464225,US,India,11.62873875607378,0
6636.991714806667,Germany,UK,9.695827495721323,1
1191.0418966038742,Germany,India,28.054757171298633,0
4020.9611295431146,UK,Germany,10.89967716258672,0
7933.3540942509335,India,Germany,11.708637259894093,1
2212.8827834951135,India,Germany,3.182753388387275,0
1867.7554604986028,Germany,Germany,20.113399958475277,0
9508.67841256515,Germany,US,8.665182434325406,0
2106.877319566445,US,US,17.568125035185215,0
2616.576610705179,Germany,India,17.740551121596283,0
9696.463229654337,US,India,21.57599086787301,0
7349.738616947607,Germany,Germany,22.357244585173238,0
6998.969364905047,UK,UK,15.433573032046183,0
8530.734574707267,UK,Germany,9.92975842810209,0
1167.0725915455748,US,India,25.123526845042015,0
7062.502803434271,India,Germany,9.295969482254542,0
5041.849207189107,UK,India,15.225272834079943,1
8293.214896438558,US,Germany,12.03757749611184,0
5086.335769465291,Germany,UK,25.65235157909064,1
6206.2111291464325,Germany,Germany,12.957555934374863,0
4782.643842731364,US,UK,11.582975665124529,0
4786.807646322883,India,UK,20.694710786929125,0
7682.020080837697,US,India,18.07323329584328,0
6289.378342466359,US,UK,3.217405004875382,1
6336.29938407801,UK,US,15.245064190318896,0
4508.322013476943,US,US,22.06435164999743,0
5315.783868411901,US,US,29.762242937740687,0
7459.7194853858255,Germany,India,18.874405019109574,0
8261.149781928063,UK,US,11.108791993239533,0
6968.648407419021,Germany,India,6.784547994063552,1
9241.489158568374,Germany,India,26.18490702459961,1
8205.037640590537,India,US,24.43695636340508,0
5623.019260197089,India,UK,7.017684623381546,0
6717.346665710931,UK,Germany,6.018962704397204,1
9263.819686442748,UK,India,21.45410330433527,1
6195.488761988153,India,US,9.448561857562783,0
8249.82141031851,India,India,9.191963950858735,0
6891.216930863971,India,UK,4.568707412029658,1
5523.84424699406,India,UK,7.919265591294897,0
2425.9635721993777,India,US,12.825226727779487,0
4265.715219489597,Germany,India,21.985150118172466,0
9677.750820088819,UK,Germany,10.089242832412493,1
6581.076178893274,Germany,Germany,9.85813018439528,0
5648.309849586506,Germany,India,8.547397576573076,0
9330.236689026991,US,India,14.34851002533129,1
5869.252692564112,Germany,India,5.41910093823946,0
5265.5643589898555,India,US,14.568922020963766,1
7595.51544295055,India,UK,21.125266685840696,1
7129.529533675579,US,Germany,0.8937151209786653,1
1939.6684840002429,US,US,0.29338140917285593,0
4718.36966299547,US,India,2.253687304635277,1
4730.429273767657,US,India,16.069801851843362,0
3788.4629072810144,US,UK,25.633652495562103,0
5177.761886701009,Germany,India,0.1465339806075583,1
4136.942903294171,US,US,28.099839137540428,0
2001.4614398171195,Germany,US,3.188355347116074,0
4129.541207874064,UK,UK,25.25950584174679,0
732.0467062560342,US,US,14.485642949488403,0
5762.100769116371,US,Germany,19.78072161836532,0
8538.008943921708,Germany,US,15.320489533415472,0
7255.617972702007,UK,US,14.31144675538064,1
3610.3364601405715,Germany,US,25.046982850931744,1
879.8413437173087,Germany,Germany,22.67659138703449,0
2029.4724982604548,US,India,14.502067095690126,0
5459.448501543408,India,US,3.349077881881848,0
2078.5002629964983,India,UK,3.462088779432244,0
5444.291381736825,Germany,Germany,24.046183821572264,0
2323.6742573913502,US,UK,15.881718640426003,0
8490.749456065967,UK,US,14.447674206580878,0
3978.7420136761925,India,UK,20.417005240821453,0
2463.0507531854655,UK,US,25.76524750242781,0
8125.138540668146,India,Germany,18.866194332399157,0
3434.961258406453,US,UK,22.88543707039437,0
1123.7620015094315,Germany,UK,22.95811572350871,1
5708.39081912238,UK,US,10.687843463788772,1
5819.826402335508,UK,US,8.22249586922987,1
7149.809795604984,Germany,India,24.03492201525476,0
2409.792137751772,UK,US,11.315363753527306,1
4443.275677531528,India,US,27.100080195681155,0
2830.855511236136,Germany,India,2.090720901903589,0
818.7278237957244,India,US,1.7465253622601895,0
8767.372131888758,India,US,27.81012480304225,0
7291.409346838528,US,India,19.453647425443044,0
3021.615963993419,India,Germany,11.38798069344997,0
5997.736198791144,US,Germany,22.651812444485483,0
2020.6252434633795,UK,US,20.169804299809236,0
8903.46385173975,UK,US,15.936031404587887,0
1157.914370185484,US,India,2.9662002798795406,0
48.33308362293098,India,India,24.365387618782545,0
5025.061895414429,Germany,Germany,25.98069572041874,0
5835.446956294164,Germany,UK,5.165060656579473,0
5793.863549755086,US,US,25.515349559312,1
554.5741551038847,UK,UK,26.335419330496926,0
3147.2976311151406,UK,UK,16.48285836865548,0
4996.997478944905,Germany,India,19.68537108668061,0
2173.626064416136,US,US,11.467119600434742,0
8727.532596004105,Germany,US,8.45374942527798,0
880.221801719726,India,India,21.659494408549342,1
4878.970572303709,India,UK,25.856254470474244,1
6917.246414556389,US,India,19.622326588672426,0
2624.8934903434797,US,Germany,15.347718319396476,0
6246.164962605206,India,US,4.767743005325147,0
8295.557649922323,UK,Germany,1.6037613781445448,1
1911.466381199525,US,India,13.370753707402393,0
9173.03371233038,India,US,1.4804869109226382,1
5540.049741296956,India,Germany,17.080038957216754,1
2999.327722967595,UK,Germany,11.481875739533137,0
4314.274171068884,UK,UK,22.715673590459083,0
3128.7969190260155,UK,US,9.169454905085503,1
7253.8604877338275,UK,Germany,17.789481029022962,0
7965.0436275171705,Germany,Germany,16.130505652653014,0
8331.044549263424,UK,UK,0.14137276566723478,1
9857.824813361554,Germany,Germany,2.1716819479293106,0
7914.930082041868,US,Germany,8.711046374580615,0
6017.826866178748,India,Germany,26.467052430622953,0
3398.8107809339203,Germany,UK,4.410448646993357,0
5450.508532620386,US,Germany,21.326829913816248,0
420.27104617615015,US,Germany,29.20099698456862,0
7450.802504543832,Germany,US,23.717026580734657,1
4465.095895470096,US,US,7.288360850611318,0
210.03206502455433,US,UK,27.25095781239245,1
634.444345689004,Germany,India,2.7932146952517023,0
3880.789973579349,US,US,14.044258256122074,0
5838.3809749941665,UK,UK,26.62625723179241,0
4647.397450031745,UK,Germany,19.237971277706094,0
6195.8511297486275,India,Germany,12.409336941830965,0
4808.139645325644,US,UK,8.784386002115063,0
6620.421416358654,India,Germany,11.252982159550498,1
2199.0693860613005,UK,Germany,15.268253430278588,0
1137.303439964378,UK,India,9.571317896184222,0
5968.375206710343,UK,Germany,29.06903586246899,1
4852.048274193711,US,US,27.99232959198435,0
278.4078639089036,US,Germany,26.120144046429623,0
3811.014036075428,UK,UK,12.654895065679602,0
1070.194599055045,India,India,20.739053080056866,1
5318.254749209425,India,Germany,27.08487921107894,0
3963.819019807703,Germany,UK,25.51288463036784,0
6135.387591919149,UK,US,12.42981042060623,0
8057.966165514681,India,Germany,3.371581479667821,1
3003.690151576493,UK,India,2.268910915036484,1
9621.400020608624,India,Germany,17.31192135677108,1
5360.988660869869,Germany,UK,19.27883805632795,1
6186.725079560332,Germany,India,25.495278137910724,1
6809.917008525113,UK,Germany,8.775450610230932,0
6670.647983277322,India,US,5.024114716501274,1
5114.59772302017,US,India,11.370174995345984,0
4293.3552682356885,Germany,US,10.607253708968251,1
547.2818221320052,UK,UK,3.9740686205356424,0
230.63759455878562,UK,Germany,20.168479575394564,0
3586.032333382319,India,US,15.260758221881279,0
3343.2722974305893,UK,UK,21.633682683442988,0
3883.0745968416772,Germany,Germany,10.58073360509204,0
1392.2983268730184,UK,UK,9.771066347331068,0
7384.301022663068,UK,US,14.177275591315668,0
8571.074503614627,US,UK,26.32222036185441,1
9387.759207386609,US,India,1.2084392020194101,0
4928.699412161062,Germany,Germany,24.144984518894162,0
7011.648334263032,India,UK,11.069628379732695,0
8556.955723124365,US,US,25.63857077365433,0
4188.728199823924,India,Germany,24.066090265075694,0
3101.0338207557393,Germany,India,10.462837421882652,0
9367.878312976367,US,Germany,20.81629605964848,0
5161.60874525996,India,India,4.788982703203204,0
4977.566327042871,US,Germany,26.88844656491364,0
1792.3768046693228,Germany,UK,12.134731933557282,0
1090.468595587834,Germany,UK,13.668768460656006,0
8422.64755621028,US,US,21.172771531109547,0
6145.190430113305,India,India,24.625207101145527,0
3264.9875943542925,UK,US,7.0902822998462876,0
1925.444811728762,UK,UK,19.840504196309862,0
5559.417828894618,US,India,11.759941316674455,1
5843.353699718742,India,US,11.06108772011884,0
2077.866076438131,UK,US,20.70077471821964,0
8515.543421435825,Germany,US,11.61549822467803,0
851.8010178969524,India,US,10.383255004932229,1
3567.3699208125527,UK,US,25.076652243787272,0
6807.040293487596,India,India,3.0382837149301913,1
2748.462434553815,US,US,20.27677868490632,0
8278.475195864905,India,India,7.46176181371874,1
7401.279587738031,UK,US,0.4649472547857092,0
7892.338217035861,US,UK,5.002928066180761,0
1199.8742934083955,India,UK,18.19984589327603,0
1414.0658086754738,Germany,US,21.273815744578123,0
2871.8726400683904,UK,Germany,0.6317335066896013,0
5185.590880323635,US,UK,1.0927632990516045,1
7482.68060622703,India,India,27.076263445288593,0
8366.943598701426,Germany,US,2.199174543411595,1
7046.309806412233,UK,India,26.825464758497137,0
9286.682846491078,Germany,Germany,6.844977412527173,0
7390.047661063143,India,US,22.200534004746384,1
3069.616191176101,India,UK,9.291997468380362,0
2658.1620305423403,US,India,25.762560768275517,0
6964.962578507888,Germany,UK,21.013645962730735,0
1936.7769812092465,US,UK,12.054403758050855,0
936.2209599945962,UK,US,2.2890736252223864,0
5326.906519813377,US,India,21.98100551612421,1
8218.199282091764,UK,Germany,18.506542678955448,0
1022.7846262739367,India,UK,0.08735153501366222,0
7920.994324719335,India,US,0.2825956791733597,1
8117.6043234719655,Germany,US,24.263789195780816,0
4827.91726081462,UK,Germany,7.781992164055616,0
582.5299970047632,India,US,19.08401003184197,0
1754.152613959392,Germany,UK,13.626432592957423,0
7077.188488867704,Germany,US,25.902900435653017,0
7120.661670459585,US,India,27.50883339307466,0
8984.569198924977,Germany,India,29.904231380365623,1
5831.034604080282,India,UK,4.6105240742174045,0
1249.8326034606362,US,India,25.888921394264262,0
1222.9349059946717,UK,Germany,7.980641301864053,1
7214.112249994669,UK,US,17.72447624686523,0
1846.0088044279325,India,UK,15.173185016076328,0
3290.5711411698876,India,Germany,0.5396439471716297,0
4877.24794914992,US,US,27.98313839718284,0
257.40112698575047,US,Germany,2.3498116544765537,0
2495.7020799291195,India,UK,20.646567582232073,0
4084.817188987728,India,UK,23.55020508624786,0
2803.5668217471302,UK,Germany,23.858635471430528,0
1372.3395714009828,UK,US,4.064835567865344,0
7282.842455384012,UK,India,13.427098515239162,0
8133.34507512817,India,India,24.882866113019396,0
2582.2149716758113,Germany,Germany,9.08037631136264,0
7746.45075111697,India,UK,14.032460261239908,0
3861.6801083691253,India,US,8.183816780995373,0
5071.791050631487,UK,US,13.906542536559725,0
8561.450738182597,India,UK,26.635137677786403,1
7502.037281206054,US,India,13.653726930983083,1
8053.1173446486155,India,US,16.677360512229612,0
1377.0832141977046,India,Germany,12.119288499092507,0
706.4970640789575,India,India,13.803515496099765,0
8935.11324358899,India,Germany,0.455225971392651,1
3884.4643530152325,Germany,India,8.51236529881368,0
2885.9179839161116,India,UK,13.097451652254733,0
7249.715580075626,US,Germany,19.013909279781867,0
8365.791809832768,US,Germany,13.501557916616765,1
8626.271322764027,India,UK,10.13451129964692,1
3166.811439841021,UK,Germany,11.642962060324715,0
8523.601788104723,Germany,India,7.268799876013996,0
418.9301042997104,India,US,27.734828483221587,0
506.11829968259156,India,US,15.652296773727437,0
6238.956759789803,India,UK,0.40228361616369335,1
640.4326274643068,UK,India,0.5833877525863984,0
3252.8455934165136,UK,Germany,29.18884904856125,1
6730.832302606771,UK,Germany,6.643526741197351,1
3379.296291581721,Germany,US,24.16824866442944,0
1804.2018165865582,US,Germany,1.7482590468172343,0
2820.692712319878,Germany,US,27.63488210083647,0
4581.177569181814,UK,UK,26.23251011000035,0
4759.104695001269,US,Germany,17.13279487303544,0
7832.172311158548,US,India,0.2699597184976732,0
7504.0307620208105,UK,Germany,7.734326220700128,1
4573.609867515791,UK,US,12.20467942195395,0
8458.216817496726,Germany,UK,13.801923502426853,0
1151.2290145280444,UK,US,8.93036275687116,0
2560.9799687867257,US,Germany,0.9884360473658993,0
8281.484870387492,India,US,17.703822177796262,0
3786.1604458752695,UK,US,15.724640030842679,0
9812.003772350483,UK,UK,8.490019062872332,0
4667.8702824630755,Germany,India,1.1392790270881958,1
7921.4368734080035,Germany,Germany,29.837825616658204,0
4029.047343409896,UK,UK,14.459585604792178,0
